{"cameraMode":{"drawMode":0,"name":"Shaded","section":"Shading Mode"},"sceneLighting":false,"audioPlay":false,"sceneViewState":{"m_AlwaysRefresh":false,"showFog":true,"showSkybox":false,"showFlares":true,"showImageEffects":true,"showParticleSystems":true,"showVisualEffectGraphs":true,"m_FxEnabled":true},"in2DMode":false,"pivot":{"x":11.91977310180664,"y":2.399190664291382,"z":75.45295715332031},"rotation":{"x":0.0008979121339507401,"y":-0.014999187551438809,"z":0.00001334781336481683,"w":0.9998887777328491},"size":54.43817901611328,"orthographic":false}