{"cameraMode":{"drawMode":0,"name":"Shaded","section":"Shading Mode"},"sceneLighting":false,"audioPlay":false,"sceneViewState":{"m_AlwaysRefresh":false,"showFog":true,"showSkybox":false,"showFlares":true,"showImageEffects":true,"showParticleSystems":true,"showVisualEffectGraphs":true,"m_FxEnabled":true},"in2DMode":false,"pivot":{"x":-1.0084991455078126,"y":0.9191533327102661,"z":2.1319093704223635},"rotation":{"x":0.33654269576072695,"y":0.356643408536911,"z":-0.13951967656612397,"w":0.8602807521820068},"size":0.7416144609451294,"orthographic":false}